﻿<?xml version="1.0" encoding="utf-8"?>
<doc>
  <assembly>
    <name>System.Web.WebPages.Razor</name>
  </assembly>
  <members>
    <member name="T:System.Web.WebPages.Razor.CompilingPathEventArgs">
      <summary>この型/メンバーは、.NET Framework インフラストラクチャをサポートします。独自に作成したコードから直接使用するためのものではありません。イベント データを含むコンパイル パスの基本クラスを表します。</summary>
    </member>
    <member name="M:System.Web.WebPages.Razor.CompilingPathEventArgs.#ctor(System.String,System.Web.WebPages.Razor.WebPageRazorHost)">
      <summary>この型/メンバーは、.NET Framework インフラストラクチャをサポートします。独自に作成したコードから直接使用するためのものではありません。<see cref="T:System.Web.WebPages.Razor.CompilingPathEventArgs" /> クラスの新しいインスタンスを初期化します。</summary>
      <param name="virtualPath">仮想パスの文字列。</param>
      <param name="host">Web ページ Razor のホスト。</param>
    </member>
    <member name="P:System.Web.WebPages.Razor.CompilingPathEventArgs.Host">
      <summary>この型/メンバーは、.NET Framework インフラストラクチャをサポートします。独自に作成したコードから直接使用するためのものではありません。Web ページ Razor のホストを取得または設定します。</summary>
      <returns>Web ページ Razor のホスト。</returns>
    </member>
    <member name="P:System.Web.WebPages.Razor.CompilingPathEventArgs.VirtualPath">
      <summary>この型/メンバーは、.NET Framework インフラストラクチャをサポートします。独自に作成したコードから直接使用するためのものではありません。Web ページの仮想パスを取得します。</summary>
      <returns>Web ページの仮想パス。</returns>
    </member>
    <member name="T:System.Web.WebPages.Razor.PreApplicationStartCode">
      <summary>この型/メンバーは、.NET Framework インフラストラクチャをサポートします。独自に作成したコードから直接使用するためのものではありません。</summary>
    </member>
    <member name="M:System.Web.WebPages.Razor.PreApplicationStartCode.Start">
      <summary>この型/メンバーは、.NET Framework インフラストラクチャをサポートします。独自に作成したコードから直接使用するためのものではありません。</summary>
    </member>
    <member name="T:System.Web.WebPages.Razor.RazorBuildProvider">
      <summary>この型/メンバーは、.NET Framework インフラストラクチャをサポートします。独自に作成したコードから直接使用するためのものではありません。Razor のビルド プロバイダーを表します。</summary>
    </member>
    <member name="M:System.Web.WebPages.Razor.RazorBuildProvider.#ctor">
      <summary>この型/メンバーは、.NET Framework インフラストラクチャをサポートします。独自に作成したコードから直接使用するためのものではありません。<see cref="T:System.Web.WebPages.Razor.RazorBuildProvider" /> クラスの新しいインスタンスを初期化します。</summary>
    </member>
    <member name="M:System.Web.WebPages.Razor.RazorBuildProvider.AddVirtualPathDependency(System.String)">
      <summary>この型/メンバーは、.NET Framework インフラストラクチャをサポートします。独自に作成したコードから直接使用するためのものではありません。仮想パスの依存関係をコレクションに追加します。</summary>
      <param name="dependency">追加する仮想パスの依存関係。</param>
    </member>
    <member name="P:System.Web.WebPages.Razor.RazorBuildProvider.AssemblyBuilder">
      <summary>この型/メンバーは、.NET Framework インフラストラクチャをサポートします。独自に作成したコードから直接使用するためのものではありません。Razor 環境のアセンブリ ビルダーを取得します。</summary>
      <returns>アセンブリ ビルダー。</returns>
    </member>
    <member name="P:System.Web.WebPages.Razor.RazorBuildProvider.CodeCompilerType">
      <summary>この型/メンバーは、.NET Framework インフラストラクチャをサポートします。独自に作成したコードから直接使用するためのものではありません。Razor 環境のコンパイラ設定を取得します。</summary>
    </member>
    <member name="E:System.Web.WebPages.Razor.RazorBuildProvider.CodeGenerationCompleted">
      <summary>この型/メンバーは、.NET Framework インフラストラクチャをサポートします。独自に作成したコードから直接使用するためのものではありません。コード生成の完了時に起こります。</summary>
    </member>
    <member name="E:System.Web.WebPages.Razor.RazorBuildProvider.CodeGenerationStarted">
      <summary>この型/メンバーは、.NET Framework インフラストラクチャをサポートします。独自に作成したコードから直接使用するためのものではありません。コード生成の開始時に起こります。</summary>
    </member>
    <member name="E:System.Web.WebPages.Razor.RazorBuildProvider.CompilingPath">
      <summary>この型/メンバーは、.NET Framework インフラストラクチャをサポートします。独自に作成したコードから直接使用するためのものではありません。新しい仮想パスのコンパイル時に起こります。</summary>
    </member>
    <member name="M:System.Web.WebPages.Razor.RazorBuildProvider.CreateHost">
      <summary>この型/メンバーは、.NET Framework インフラストラクチャをサポートします。独自に作成したコードから直接使用するためのものではありません。Web 構成に基づいて Razor エンジン ホスト インスタンスを作成します。</summary>
      <returns>Razor エンジン ホスト インスタンス。</returns>
    </member>
    <member name="M:System.Web.WebPages.Razor.RazorBuildProvider.GenerateCode(System.Web.Compilation.AssemblyBuilder)">
      <summary>この型/メンバーは、.NET Framework インフラストラクチャをサポートします。独自に作成したコードから直接使用するためのものではありません。指定されたアセンブリ ビルダーを使用してコードを生成します。</summary>
      <param name="assemblyBuilder">アセンブリ ビルダー。</param>
    </member>
    <member name="M:System.Web.WebPages.Razor.RazorBuildProvider.GetGeneratedType(System.CodeDom.Compiler.CompilerResults)">
      <summary>この型/メンバーは、.NET Framework インフラストラクチャをサポートします。独自に作成したコードから直接使用するためのものではありません。生成されたコードの種類を取得します。</summary>
      <returns>生成されたコードの種類。</returns>
      <param name="results">コード コンパイルの結果。</param>
    </member>
    <member name="M:System.Web.WebPages.Razor.RazorBuildProvider.GetHostFromConfig">
      <summary>この型/メンバーは、.NET Framework インフラストラクチャをサポートします。独自に作成したコードから直接使用するためのものではありません。Web 構成に基づいて Razor エンジン ホスト インスタンスを作成します。</summary>
      <returns>Razor エンジン ホスト インスタンス。</returns>
    </member>
    <member name="M:System.Web.WebPages.Razor.RazorBuildProvider.InternalOpenReader">
      <summary>この型/メンバーは、.NET Framework インフラストラクチャをサポートします。独自に作成したコードから直接使用するためのものではありません。内部テキスト リーダーを開きます。</summary>
      <returns>内部テキスト リーダー。</returns>
    </member>
    <member name="M:System.Web.WebPages.Razor.RazorBuildProvider.OnBeforeCompilePath(System.Web.WebPages.Razor.CompilingPathEventArgs)">
      <summary>この型/メンバーは、.NET Framework インフラストラクチャをサポートします。独自に作成したコードから直接使用するためのものではありません。CompilingPath イベントを発生させます。</summary>
      <param name="args">CompilingPath イベントに提供されるデータ。</param>
    </member>
    <member name="P:System.Web.WebPages.Razor.RazorBuildProvider.VirtualPath">
      <summary>この型/メンバーは、.NET Framework インフラストラクチャをサポートします。独自に作成したコードから直接使用するためのものではありません。ソース コードの仮想パスを取得します。</summary>
      <returns>ソース コードの仮想パス。</returns>
    </member>
    <member name="P:System.Web.WebPages.Razor.RazorBuildProvider.VirtualPathDependencies">
      <summary>この型/メンバーは、.NET Framework インフラストラクチャをサポートします。独自に作成したコードから直接使用するためのものではありません。仮想パスの依存関係のコレクションを取得します。</summary>
      <returns>仮想パスの依存関係のコレクション。</returns>
    </member>
    <member name="T:System.Web.WebPages.Razor.WebCodeRazorHost">
      <summary>この型/メンバーは、.NET Framework インフラストラクチャをサポートします。独自に作成したコードから直接使用するためのものではありません。Web ページの Web コード Razor ホストを表します。</summary>
    </member>
    <member name="M:System.Web.WebPages.Razor.WebCodeRazorHost.#ctor(System.String)">
      <summary>この型/メンバーは、.NET Framework インフラストラクチャをサポートします。独自に作成したコードから直接使用するためのものではありません。<see cref="T:System.Web.WebPages.Razor.WebCodeRazorHost" /> クラスの新しいインスタンスを初期化します。</summary>
      <param name="virtualPath">仮想パス。</param>
    </member>
    <member name="M:System.Web.WebPages.Razor.WebCodeRazorHost.#ctor(System.String,System.String)">
      <summary>この型/メンバーは、.NET Framework インフラストラクチャをサポートします。独自に作成したコードから直接使用するためのものではありません。<see cref="T:System.Web.WebPages.Razor.WebCodeRazorHost" /> クラスの新しいインスタンスを初期化します。</summary>
      <param name="virtualPath">仮想パス。</param>
      <param name="physicalPath">物理パス。</param>
    </member>
    <member name="M:System.Web.WebPages.Razor.WebCodeRazorHost.GetClassName(System.String)">
      <summary>この型/メンバーは、.NET Framework インフラストラクチャをサポートします。独自に作成したコードから直接使用するためのものではありません。このインスタンスのクラス名を返します。</summary>
      <returns>このインスタンスのクラス名。</returns>
      <param name="virtualPath">仮想パス。</param>
    </member>
    <member name="M:System.Web.WebPages.Razor.WebCodeRazorHost.PostProcessGeneratedCode(System.Web.Razor.Generator.CodeGeneratorContext)">
      <summary>Web コード Razor ホストの後処理コードを生成します。</summary>
      <param name="context">ジェネレーター コード コンテキスト。</param>
    </member>
    <member name="T:System.Web.WebPages.Razor.WebPageRazorHost">
      <summary>この型/メンバーは、.NET Framework インフラストラクチャをサポートします。独自に作成したコードから直接使用するためのものではありません。Web ページの Razor ホストを表します。</summary>
    </member>
    <member name="M:System.Web.WebPages.Razor.WebPageRazorHost.#ctor(System.String)">
      <summary>この型/メンバーは、.NET Framework インフラストラクチャをサポートします。独自に作成したコードから直接使用するためのものではありません。指定された仮想ファイルパスを使用して、<see cref="T:System.Web.WebPages.Razor.WebPageRazorHost" /> クラスの新しいインスタンスを初期化します。</summary>
      <param name="virtualPath">仮想ファイル パス。</param>
    </member>
    <member name="M:System.Web.WebPages.Razor.WebPageRazorHost.#ctor(System.String,System.String)">
      <summary>この型/メンバーは、.NET Framework インフラストラクチャをサポートします。独自に作成したコードから直接使用するためのものではありません。指定された仮想パスと物理ファイル パスを使用して、<see cref="T:System.Web.WebPages.Razor.WebPageRazorHost" /> クラスの新しいインスタンスを初期化します。</summary>
      <param name="virtualPath">仮想ファイル パス。</param>
      <param name="physicalPath">物理ファイル パス。</param>
    </member>
    <member name="M:System.Web.WebPages.Razor.WebPageRazorHost.AddGlobalImport(System.String)">
      <summary>この型/メンバーは、.NET Framework インフラストラクチャをサポートします。独自に作成したコードから直接使用するためのものではありません。Web ページにグローバル インポートを追加します。</summary>
      <param name="ns">通知サービス名。</param>
    </member>
    <member name="P:System.Web.WebPages.Razor.WebPageRazorHost.CodeLanguage">
      <summary>この型/メンバーは、.NET Framework インフラストラクチャをサポートします。独自に作成したコードから直接使用するためのものではありません。<see cref="T:System.Web.Razor.RazorCodeLanguage" /> を取得します。</summary>
      <returns>
        <see cref="T:System.Web.Razor.RazorCodeLanguage" />。</returns>
    </member>
    <member name="M:System.Web.WebPages.Razor.WebPageRazorHost.CreateMarkupParser">
      <summary>この型/メンバーは、.NET Framework インフラストラクチャをサポートします。独自に作成したコードから直接使用するためのものではありません。マークアップ パーサーを作成します。</summary>
      <returns>マークアップ パーサー。</returns>
    </member>
    <member name="P:System.Web.WebPages.Razor.WebPageRazorHost.DefaultBaseClass">
      <summary>この型/メンバーは、.NET Framework インフラストラクチャをサポートします。独自に作成したコードから直接使用するためのものではありません。DefaultBaseClass の値を取得または設定します。</summary>
      <returns>DefaultBaseClass の値。</returns>
    </member>
    <member name="P:System.Web.WebPages.Razor.WebPageRazorHost.DefaultClassName">
      <summary>この型/メンバーは、.NET Framework インフラストラクチャをサポートします。独自に作成したコードから直接使用するためのものではありません。既定のクラスの名前を取得または設定します。</summary>
      <returns>既定のクラスの名前。</returns>
    </member>
    <member name="P:System.Web.WebPages.Razor.WebPageRazorHost.DefaultDebugCompilation">
      <summary>この型/メンバーは、.NET Framework インフラストラクチャをサポートします。独自に作成したコードから直接使用するためのものではありません。デバッグ コンパイルが既定に設定されているかどうかを示す値を取得または設定します。</summary>
      <returns>デバッグ コンパイルが既定に設定されている場合は true。それ以外の場合は false。</returns>
    </member>
    <member name="P:System.Web.WebPages.Razor.WebPageRazorHost.DefaultPageBaseClass">
      <summary>この型/メンバーは、.NET Framework インフラストラクチャをサポートします。独自に作成したコードから直接使用するためのものではありません。既定のページの基本クラスを取得または設定します。</summary>
      <returns>既定のページの基本クラス。</returns>
    </member>
    <member name="M:System.Web.WebPages.Razor.WebPageRazorHost.GetClassName(System.String)">
      <summary>この型/メンバーは、.NET Framework インフラストラクチャをサポートします。独自に作成したコードから直接使用するためのものではありません。指定された Web ページが属するクラスの名前を取得します。</summary>
      <returns>指定された Web ページが属するクラスの名前。</returns>
      <param name="virtualPath">仮想ファイル パス。</param>
    </member>
    <member name="M:System.Web.WebPages.Razor.WebPageRazorHost.GetCodeLanguage">
      <summary>この型/メンバーは、.NET Framework インフラストラクチャをサポートします。独自に作成したコードから直接使用するためのものではありません。Web ページで指定されたコード言語を取得します。</summary>
      <returns>Web ページで指定されたコード言語。</returns>
    </member>
    <member name="M:System.Web.WebPages.Razor.WebPageRazorHost.GetGlobalImports">
      <summary>この型/メンバーは、.NET Framework インフラストラクチャをサポートします。独自に作成したコードから直接使用するためのものではありません。Web ページのグローバル インポートを取得します。</summary>
      <returns>Web ページのグローバル インポート。</returns>
    </member>
    <member name="P:System.Web.WebPages.Razor.WebPageRazorHost.InstrumentedSourceFilePath">
      <summary>この型/メンバーは、.NET Framework インフラストラクチャをサポートします。独自に作成したコードから直接使用するためのものではありません。インストルメンタル ソースのパスを取得または設定します。</summary>
      <returns>インストルメンタル ソースのファイル パス。</returns>
    </member>
    <member name="P:System.Web.WebPages.Razor.WebPageRazorHost.IsSpecialPage">
      <summary>この型/メンバーは、.NET Framework インフラストラクチャをサポートします。独自に作成したコードから直接使用するためのものではありません。Web ページが特別ページかどうかを示す値を取得します。</summary>
      <returns>Web ページが特別ページである場合は true。それ以外の場合は false。</returns>
    </member>
    <member name="P:System.Web.WebPages.Razor.WebPageRazorHost.PhysicalPath">
      <summary>この型/メンバーは、.NET Framework インフラストラクチャをサポートします。独自に作成したコードから直接使用するためのものではありません。Razor ホストの物理ファイル システムのパスを取得します。</summary>
      <returns>Razor ホストの物理ファイル システムのパス。</returns>
    </member>
    <member name="M:System.Web.WebPages.Razor.WebPageRazorHost.PostProcessGeneratedCode(System.Web.Razor.Generator.CodeGeneratorContext)">
      <summary>この型/メンバーは、.NET Framework インフラストラクチャをサポートします。独自に作成したコードから直接使用するためのものではありません。処理後に生成されたコードを取得します。</summary>
      <param name="context">
        <see cref="T:System.Web.Razor.Generator.CodeGeneratorContext" />。</param>
    </member>
    <member name="M:System.Web.WebPages.Razor.WebPageRazorHost.RegisterSpecialFile(System.String,System.String)">
      <summary>この型/メンバーは、.NET Framework インフラストラクチャをサポートします。独自に作成したコードから直接使用するためのものではありません。指定されたファイル名とベース型の名前の特別ファイルを登録します。</summary>
      <param name="fileName">ファイル名。</param>
      <param name="baseTypeName">ベース型の名前。</param>
    </member>
    <member name="M:System.Web.WebPages.Razor.WebPageRazorHost.RegisterSpecialFile(System.String,System.Type)">
      <summary>この型/メンバーは、.NET Framework インフラストラクチャをサポートします。独自に作成したコードから直接使用するためのものではありません。指定されたファイル名とベース型の特別ファイルを登録します。</summary>
      <param name="fileName">ファイル名。</param>
      <param name="baseType">ベース ファイルの種類。</param>
    </member>
    <member name="P:System.Web.WebPages.Razor.WebPageRazorHost.VirtualPath">
      <summary>この型/メンバーは、.NET Framework インフラストラクチャをサポートします。独自に作成したコードから直接使用するためのものではありません。仮想ファイル パスを取得します。</summary>
      <returns>仮想ファイル パス。</returns>
    </member>
    <member name="T:System.Web.WebPages.Razor.WebRazorHostFactory">
      <summary>この型/メンバーは、.NET Framework インフラストラクチャをサポートします。独自に作成したコードから直接使用するためのものではありません。ホスト ファイルのインスタンスを作成します。</summary>
    </member>
    <member name="M:System.Web.WebPages.Razor.WebRazorHostFactory.#ctor">
      <summary>この型/メンバーは、.NET Framework インフラストラクチャをサポートします。独自に作成したコードから直接使用するためのものではありません。<see cref="T:System.Web.WebPages.Razor.WebRazorHostFactory" /> クラスの新しいインスタンスを初期化します。</summary>
    </member>
    <member name="M:System.Web.WebPages.Razor.WebRazorHostFactory.ApplyConfigurationToHost(System.Web.WebPages.Razor.Configuration.RazorPagesSection,System.Web.WebPages.Razor.WebPageRazorHost)">
      <summary>この型/メンバーは、.NET Framework インフラストラクチャをサポートします。独自に作成したコードから直接使用するためのものではありません。構成ファイルからサービス記述情報を読み込み、ホストに適用します。</summary>
      <param name="config">構成。</param>
      <param name="host">Web ページ Razor ホスト。</param>
    </member>
    <member name="M:System.Web.WebPages.Razor.WebRazorHostFactory.CreateDefaultHost(System.String)">
      <summary>この型/メンバーは、.NET Framework インフラストラクチャをサポートします。独自に作成したコードから直接使用するためのものではありません。指定された仮想パスで既定のホストを作成します。</summary>
      <returns>既定のホスト。</returns>
      <param name="virtualPath">ファイルの仮想パス。</param>
    </member>
    <member name="M:System.Web.WebPages.Razor.WebRazorHostFactory.CreateDefaultHost(System.String,System.String)">
      <summary>この型/メンバーは、.NET Framework インフラストラクチャをサポートします。独自に作成したコードから直接使用するためのものではありません。指定された仮想パスと物理パスで既定のホストを作成します。</summary>
      <returns>既定のホスト。</returns>
      <param name="virtualPath">ファイルの仮想パス。</param>
      <param name="physicalPath">物理ファイル システムのパス。</param>
    </member>
    <member name="M:System.Web.WebPages.Razor.WebRazorHostFactory.CreateHost(System.String,System.String)">
      <summary>この型/メンバーは、.NET Framework インフラストラクチャをサポートします。独自に作成したコードから直接使用するためのものではありません。Razor ホストを作成します。</summary>
      <returns>Razor ホスト。</returns>
      <param name="virtualPath">ターゲット ファイルへの仮想パス。</param>
      <param name="physicalPath">ターゲット ファイルへの物理パス。</param>
    </member>
    <member name="M:System.Web.WebPages.Razor.WebRazorHostFactory.CreateHostFromConfig(System.String)">
      <summary>この型/メンバーは、.NET Framework インフラストラクチャをサポートします。独自に作成したコードから直接使用するためのものではありません。構成に基づいてホストを作成します。</summary>
      <returns>構成に基づいたホスト。</returns>
      <param name="virtualPath">ターゲット ファイルへの仮想パス。</param>
    </member>
    <member name="M:System.Web.WebPages.Razor.WebRazorHostFactory.CreateHostFromConfig(System.String,System.String)">
      <summary>この型/メンバーは、.NET Framework インフラストラクチャをサポートします。独自に作成したコードから直接使用するためのものではありません。構成に基づいてホストを作成します。</summary>
      <returns>構成に基づいたホスト。</returns>
      <param name="virtualPath">ファイルの仮想パス。</param>
      <param name="physicalPath">物理ファイル システムのパス。</param>
    </member>
    <member name="M:System.Web.WebPages.Razor.WebRazorHostFactory.CreateHostFromConfig(System.Web.WebPages.Razor.Configuration.RazorWebSectionGroup,System.String)">
      <summary>この型/メンバーは、.NET Framework インフラストラクチャをサポートします。独自に作成したコードから直接使用するためのものではありません。構成に基づいてホストを作成します。</summary>
      <returns>構成に基づいたホスト。</returns>
      <param name="config">構成。</param>
      <param name="virtualPath">ファイルの仮想パス。</param>
    </member>
    <member name="M:System.Web.WebPages.Razor.WebRazorHostFactory.CreateHostFromConfig(System.Web.WebPages.Razor.Configuration.RazorWebSectionGroup,System.String,System.String)">
      <summary>この型/メンバーは、.NET Framework インフラストラクチャをサポートします。独自に作成したコードから直接使用するためのものではありません。構成に基づいてホストを作成します。</summary>
      <returns>構成に基づいたホスト。</returns>
      <param name="config">構成。</param>
      <param name="virtualPath">ファイルの仮想パス。</param>
      <param name="physicalPath">物理ファイル システムのパス。</param>
    </member>
    <member name="T:System.Web.WebPages.Razor.Configuration.HostSection">
      <summary>host 構成セクションの構成システム サポートを提供します。</summary>
    </member>
    <member name="M:System.Web.WebPages.Razor.Configuration.HostSection.#ctor">
      <summary>
        <see cref="T:System.Web.WebPages.Razor.Configuration.HostSection" /> クラスの新しいインスタンスを初期化します。</summary>
    </member>
    <member name="P:System.Web.WebPages.Razor.Configuration.HostSection.FactoryType">
      <summary>ホスト ファクトリを取得または設定します。</summary>
      <returns>ホスト ファクトリ。</returns>
    </member>
    <member name="F:System.Web.WebPages.Razor.Configuration.HostSection.SectionName">
      <summary>Razor ホスト環境の構成セクションの名前を表します。</summary>
    </member>
    <member name="T:System.Web.WebPages.Razor.Configuration.RazorPagesSection">
      <summary>pages 構成セクションの構成システム サポートを提供します。</summary>
    </member>
    <member name="M:System.Web.WebPages.Razor.Configuration.RazorPagesSection.#ctor">
      <summary>
        <see cref="T:System.Web.WebPages.Razor.Configuration.RazorPagesSection" /> クラスの新しいインスタンスを初期化します。</summary>
    </member>
    <member name="P:System.Web.WebPages.Razor.Configuration.RazorPagesSection.Namespaces">
      <summary>現在のアプリケーションの Web Pages ページに追加する名前空間のコレクションを取得または設定します。</summary>
      <returns>名前空間のコレクション。</returns>
    </member>
    <member name="P:System.Web.WebPages.Razor.Configuration.RazorPagesSection.PageBaseType">
      <summary>ページの基本型クラスの名前を取得または設定します。</summary>
      <returns>ページの基本型クラスの名前。</returns>
    </member>
    <member name="F:System.Web.WebPages.Razor.Configuration.RazorPagesSection.SectionName">
      <summary>Razor ページの構成セクションの名前を表します。</summary>
    </member>
    <member name="T:System.Web.WebPages.Razor.Configuration.RazorWebSectionGroup">
      <summary>system.web.webPages.razor 構成セクションの構成システム サポートを提供します。</summary>
    </member>
    <member name="M:System.Web.WebPages.Razor.Configuration.RazorWebSectionGroup.#ctor">
      <summary>
        <see cref="T:System.Web.WebPages.Razor.Configuration.RazorWebSectionGroup" /> クラスの新しいインスタンスを初期化します。</summary>
    </member>
    <member name="F:System.Web.WebPages.Razor.Configuration.RazorWebSectionGroup.GroupName">
      <summary>Razor Web セクションの構成セクションの名前を表します。静的な読み取り専用の文字列 "system.web.webPages.razor" を含みます。</summary>
    </member>
    <member name="P:System.Web.WebPages.Razor.Configuration.RazorWebSectionGroup.Host">
      <summary>system.web.webPages.razor セクション グループの host 値を取得または設定します。</summary>
      <returns>ホストの値。</returns>
    </member>
    <member name="P:System.Web.WebPages.Razor.Configuration.RazorWebSectionGroup.Pages">
      <summary>system.web.webPages.razor セクションの pages 要素の値を取得または設定します。</summary>
      <returns>pages 要素の値。</returns>
    </member>
  </members>
</doc>